id_объекта,истинный_класс,prob_Собака,prob_Кошка,prob_Мышь,разрешение,разметчик
img_0000.jpg,Кошка,0.0423,0.8843,0.0734,800x600,Expert_Anna
img_0001.jpg,Собака,0.3333,0.3445,0.3222,640x480,Intern_Vasya
img_0002.jpg,Кошка,0.0911,0.8326,0.0764,800x600,Expert_Anna
img_0003.jpg,Собака,0.8798,0.0895,0.0307,640x480,Intern_Vasya
img_0004.jpg,Собака,0.9031,0.0383,0.0586,640x480,Intern_Vasya
img_0005.jpg,Кошка,0.0396,0.9357,0.0247,640x480,Expert_Bob
img_0006.jpg,Кошка,0.0447,0.8714,0.0839,1920x1080,Intern_Vasya
img_0007.jpg,Собака,0.922,0.0638,0.0143,1920x1080,Expert_Bob
img_0008.jpg,Собака,0.8984,0.0145,0.0871,800x600,Expert_Bob
img_0009.jpg,Кошка,0.0788,0.0356,0.8856,640x480,Expert_Bob
img_0010.jpg,Кошка,0.0566,0.0239,0.9195,800x600,Expert_Anna
img_0011.jpg,Кошка,0.0933,0.0338,0.8729,640x480,Expert_Bob
img_0012.jpg,Кошка,0.3405,0.3534,0.3061,1920x1080,Intern_Vasya
img_0013.jpg,Собака,0.8477,0.0697,0.0826,1920x1080,Expert_Anna
img_0014.jpg,Кошка,0.0694,0.911,0.0195,800x600,Intern_Vasya
img_0015.jpg,Кошка,0.0155,0.9352,0.0494,800x600,Expert_Anna
img_0016.jpg,Кошка,0.3641,0.3268,0.3091,640x480,Intern_Vasya
img_0017.jpg,Собака,0.3347,0.3045,0.3607,640x480,Intern_Vasya
img_0018.jpg,Собака,0.8245,0.0973,0.0782,800x600,Intern_Vasya
img_0019.jpg,Кошка,0.0103,0.9177,0.072,800x600,Expert_Anna
img_0020.jpg,Собака,0.9331,0.0189,0.048,800x600,Expert_Bob
img_0021.jpg,Собака,0.8847,0.072,0.0433,640x480,Intern_Vasya
img_0022.jpg,Собака,0.3153,0.3269,0.3578,800x600,Intern_Vasya
img_0023.jpg,Собака,0.8525,0.0931,0.0544,1920x1080,Intern_Vasya
img_0024.jpg,Кошка,0.0686,0.8754,0.056,640x480,Expert_Bob
img_0025.jpg,Кошка,0.06,0.8866,0.0534,1920x1080,Expert_Anna
img_0026.jpg,Кошка,0.0208,0.9081,0.0711,1920x1080,Expert_Anna
img_0027.jpg,Собака,0.8761,0.0915,0.0324,640x480,Expert_Bob
img_0028.jpg,Кошка,0.0821,0.9001,0.0178,640x480,Expert_Bob
img_0029.jpg,Кошка,0.0236,0.0902,0.8862,1920x1080,Intern_Vasya
img_0030.jpg,Кошка,0.3543,0.3574,0.2882,640x480,Expert_Bob
img_0031.jpg,Кошка,0.079,0.8487,0.0723,800x600,Expert_Bob
img_0032.jpg,Собака,0.9459,0.0214,0.0328,640x480,Intern_Vasya
img_0033.jpg,Собака,0.9014,0.0879,0.0107,1920x1080,Intern_Vasya
img_0034.jpg,Кошка,0.0505,0.0318,0.9176,800x600,Intern_Vasya
img_0035.jpg,Кошка,0.0874,0.8603,0.0522,800x600,Expert_Anna
img_0036.jpg,Кошка,0.293,0.3586,0.3484,640x480,Expert_Anna
img_0037.jpg,Кошка,0.0354,0.9245,0.0401,1920x1080,Expert_Bob
img_0038.jpg,Кошка,0.015,0.073,0.912,800x600,Expert_Anna
img_0039.jpg,Собака,0.0392,0.9255,0.0353,1920x1080,Expert_Anna
img_0040.jpg,Кошка,0.05,0.0914,0.8586,640x480,Expert_Anna
img_0041.jpg,Собака,0.8905,0.0321,0.0773,640x480,Expert_Anna
img_0042.jpg,Собака,0.071,0.8672,0.0618,800x600,Expert_Anna
img_0043.jpg,Кошка,0.3693,0.3272,0.3034,640x480,Expert_Anna
img_0044.jpg,Кошка,0.0154,0.9047,0.08,640x480,Intern_Vasya
img_0045.jpg,Собака,0.0586,0.8703,0.0711,800x600,Expert_Anna
img_0046.jpg,Собака,0.8559,0.0464,0.0977,1920x1080,Intern_Vasya
img_0047.jpg,Кошка,0.037,0.8783,0.0847,1920x1080,Expert_Anna
img_0048.jpg,Кошка,0.0325,0.8858,0.0817,1920x1080,Expert_Anna
img_0049.jpg,Кошка,0.0551,0.9273,0.0176,1920x1080,Expert_Bob
img_0050.jpg,Кошка,0.0912,0.8682,0.0406,1920x1080,Intern_Vasya
img_0051.jpg,Кошка,0.0677,0.8516,0.0807,800x600,Expert_Anna
img_0052.jpg,Кошка,0.0642,0.0166,0.9192,1920x1080,Expert_Anna
img_0053.jpg,Собака,0.9687,0.0113,0.02,800x600,Expert_Bob
img_0054.jpg,Собака,0.3044,0.3322,0.3634,640x480,Intern_Vasya
img_0055.jpg,Мышь,0.0671,0.0638,0.869,800x600,Intern_Vasya
img_0056.jpg,Собака,0.0304,0.8948,0.0748,1920x1080,Expert_Anna
img_0057.jpg,Собака,0.8625,0.073,0.0645,800x600,Expert_Anna
img_0058.jpg,Собака,0.9373,0.0322,0.0304,1920x1080,Expert_Bob
img_0059.jpg,Кошка,0.0418,0.0831,0.8752,1920x1080,Expert_Anna
img_0060.jpg,Кошка,0.0583,0.8843,0.0574,1920x1080,Expert_Anna
img_0061.jpg,Кошка,0.0726,0.0341,0.8932,1920x1080,Expert_Bob
img_0062.jpg,Собака,0.8364,0.0813,0.0823,800x600,Expert_Anna
img_0063.jpg,Собака,0.8936,0.0115,0.0948,800x600,Expert_Bob
img_0064.jpg,Кошка,0.3338,0.3424,0.3238,800x600,Expert_Bob
img_0065.jpg,Кошка,0.3085,0.3275,0.364,640x480,Intern_Vasya
img_0066.jpg,Кошка,0.0358,0.9084,0.0558,800x600,Expert_Anna
img_0067.jpg,Мышь,0.0691,0.0583,0.8725,640x480,Expert_Anna
img_0068.jpg,Кошка,0.0883,0.8612,0.0505,640x480,Expert_Bob
img_0069.jpg,Кошка,0.0753,0.0715,0.8532,1920x1080,Expert_Anna
img_0070.jpg,Мышь,0.0336,0.0764,0.89,1920x1080,Expert_Anna
img_0071.jpg,Кошка,0.3561,0.3272,0.3167,1920x1080,Expert_Bob
img_0072.jpg,Собака,0.074,0.8599,0.0662,1920x1080,Intern_Vasya
img_0073.jpg,Кошка,0.3652,0.3205,0.3143,800x600,Intern_Vasya
img_0074.jpg,Кошка,0.0201,0.9656,0.0144,800x600,Expert_Anna
img_0075.jpg,Кошка,0.0634,0.8685,0.0681,800x600,Expert_Bob
img_0076.jpg,Собака,0.2919,0.383,0.3251,800x600,Expert_Bob
img_0077.jpg,Кошка,0.0233,0.062,0.9147,1920x1080,Expert_Bob
img_0078.jpg,Кошка,0.0673,0.9178,0.0149,1920x1080,Expert_Anna
img_0079.jpg,Кошка,0.0524,0.8803,0.0673,1920x1080,Expert_Bob
img_0080.jpg,Кошка,0.0596,0.0413,0.8991,800x600,Expert_Bob
img_0081.jpg,Собака,0.0474,0.9409,0.0118,640x480,Expert_Bob
img_0082.jpg,Кошка,0.086,0.0733,0.8407,640x480,Intern_Vasya
img_0083.jpg,Собака,0.0236,0.9181,0.0583,800x600,Intern_Vasya
img_0084.jpg,Собака,0.0628,0.8504,0.0868,800x600,Expert_Anna
img_0085.jpg,Кошка,0.3326,0.3482,0.3192,1920x1080,Expert_Bob
img_0086.jpg,Собака,0.8697,0.0455,0.0847,800x600,Expert_Anna
img_0087.jpg,Кошка,0.0205,0.0142,0.9653,640x480,Expert_Bob
img_0088.jpg,Собака,0.0744,0.9065,0.0191,1920x1080,Expert_Anna
img_0089.jpg,Кошка,0.0552,0.0268,0.918,1920x1080,Expert_Anna
img_0090.jpg,Собака,0.9147,0.0705,0.0148,800x600,Expert_Anna
img_0091.jpg,Кошка,0.0615,0.8578,0.0807,800x600,Intern_Vasya
img_0092.jpg,Собака,0.9053,0.0184,0.0763,640x480,Expert_Anna
img_0093.jpg,Кошка,0.0608,0.0918,0.8474,640x480,Intern_Vasya
img_0094.jpg,Собака,0.8987,0.047,0.0543,800x600,Expert_Bob
img_0095.jpg,Кошка,0.2963,0.3591,0.3446,1920x1080,Expert_Bob
img_0096.jpg,Собака,0.9579,0.0194,0.0227,1920x1080,Expert_Bob
img_0097.jpg,Кошка,0.0195,0.0752,0.9054,800x600,Intern_Vasya
img_0098.jpg,Кошка,0.0904,0.0127,0.8969,1920x1080,Expert_Anna
img_0099.jpg,Мышь,0.874,0.0657,0.0602,800x600,Expert_Anna
img_0100.jpg,Собака,0.0806,0.882,0.0374,800x600,Intern_Vasya
img_0101.jpg,Кошка,0.0747,0.0795,0.8458,800x600,Expert_Anna
img_0102.jpg,Кошка,0.041,0.9207,0.0383,1920x1080,Expert_Bob
img_0103.jpg,Собака,0.0787,0.8513,0.07,800x600,Expert_Bob
img_0104.jpg,Собака,0.29,0.3798,0.3302,1920x1080,Expert_Anna
img_0105.jpg,Собака,0.871,0.0387,0.0903,800x600,Expert_Bob
img_0106.jpg,Кошка,0.0114,0.095,0.8936,800x600,Expert_Bob
img_0107.jpg,Кошка,0.0887,0.8541,0.0572,640x480,Expert_Bob
img_0108.jpg,Кошка,0.0495,0.9116,0.0389,800x600,Expert_Anna
img_0109.jpg,Кошка,0.0796,0.0832,0.8372,1920x1080,Expert_Anna
img_0110.jpg,Кошка,0.0546,0.8858,0.0596,800x600,Expert_Bob
img_0111.jpg,Кошка,0.0959,0.8822,0.0219,800x600,Intern_Vasya
img_0112.jpg,Собака,0.9059,0.0729,0.0212,800x600,Expert_Anna
img_0113.jpg,Кошка,0.0714,0.0162,0.9124,640x480,Intern_Vasya
img_0114.jpg,Кошка,0.2985,0.3092,0.3923,1920x1080,Expert_Bob
img_0115.jpg,Собака,0.0395,0.8854,0.0751,800x600,Intern_Vasya
img_0116.jpg,Собака,0.103,0.8512,0.0458,640x480,Expert_Bob
img_0117.jpg,Кошка,0.3487,0.3371,0.3143,800x600,Expert_Bob
img_0118.jpg,Кошка,0.0966,0.8461,0.0573,1920x1080,Expert_Bob
img_0119.jpg,Кошка,0.0583,0.9186,0.0231,640x480,Expert_Anna
img_0120.jpg,Кошка,0.0614,0.8824,0.0561,640x480,Expert_Anna
img_0121.jpg,Собака,0.8718,0.037,0.0912,640x480,Intern_Vasya
img_0122.jpg,Кошка,0.0965,0.8064,0.0971,800x600,Intern_Vasya
img_0123.jpg,Собака,0.8384,0.0592,0.1023,640x480,Expert_Anna
img_0124.jpg,Кошка,0.0577,0.8872,0.0551,640x480,Intern_Vasya
img_0125.jpg,Кошка,0.0692,0.8675,0.0633,1920x1080,Intern_Vasya
img_0126.jpg,Собака,0.0823,0.8858,0.0319,1920x1080,Expert_Anna
img_0127.jpg,Собака,0.0894,0.8454,0.0652,640x480,Expert_Anna
img_0128.jpg,Собака,0.0275,0.9298,0.0427,640x480,Expert_Anna
img_0129.jpg,Кошка,0.0162,0.8896,0.0942,800x600,Expert_Anna
img_0130.jpg,Собака,0.3284,0.3159,0.3557,1920x1080,Expert_Bob
img_0131.jpg,Собака,0.064,0.8539,0.0821,640x480,Intern_Vasya
img_0132.jpg,Собака,0.8622,0.0738,0.0639,1920x1080,Expert_Bob
img_0133.jpg,Собака,0.8875,0.097,0.0155,640x480,Intern_Vasya
img_0134.jpg,Кошка,0.0459,0.0868,0.8672,800x600,Intern_Vasya
img_0135.jpg,Кошка,0.0594,0.0415,0.8991,800x600,Intern_Vasya
img_0136.jpg,Собака,0.8954,0.0548,0.0497,800x600,Expert_Bob
img_0137.jpg,Собака,0.8527,0.0757,0.0716,640x480,Expert_Bob
img_0138.jpg,Кошка,0.0861,0.8456,0.0684,640x480,Expert_Anna
img_0139.jpg,Собака,0.9087,0.0356,0.0557,800x600,Expert_Anna
img_0140.jpg,Собака,0.907,0.0631,0.0299,640x480,Expert_Anna
img_0141.jpg,Собака,0.9369,0.0427,0.0204,640x480,Expert_Anna
img_0142.jpg,Кошка,0.0528,0.8943,0.0528,800x600,Expert_Bob
img_0143.jpg,Кошка,0.0582,0.8551,0.0867,1920x1080,Expert_Bob
img_0144.jpg,Собака,0.3115,0.311,0.3775,640x480,Expert_Anna
img_0145.jpg,Кошка,0.3408,0.3591,0.3002,800x600,Expert_Bob
img_0146.jpg,Собака,0.9452,0.0117,0.0431,800x600,Expert_Bob
img_0147.jpg,Кошка,0.3119,0.3261,0.362,640x480,Expert_Anna
img_0148.jpg,Собака,0.8649,0.0556,0.0796,800x600,Expert_Anna
img_0149.jpg,Собака,0.313,0.3441,0.3429,800x600,Intern_Vasya
img_0150.jpg,Собака,0.8518,0.0937,0.0545,1920x1080,Intern_Vasya
img_0151.jpg,Кошка,0.0507,0.097,0.8522,640x480,Intern_Vasya
img_0152.jpg,Кошка,0.0738,0.9077,0.0185,800x600,Expert_Anna
img_0153.jpg,Кошка,0.0223,0.9544,0.0233,800x600,Expert_Bob
img_0154.jpg,Собака,0.871,0.0402,0.0888,800x600,Expert_Bob
img_0155.jpg,Собака,0.0774,0.8924,0.0302,800x600,Expert_Bob
img_0156.jpg,Кошка,0.029,0.9411,0.0299,640x480,Intern_Vasya
img_0157.jpg,Собака,0.0227,0.9462,0.0311,1920x1080,Intern_Vasya
img_0158.jpg,Собака,0.0542,0.9326,0.0133,1920x1080,Expert_Anna
img_0159.jpg,Кошка,0.0589,0.8627,0.0784,1920x1080,Intern_Vasya
img_0160.jpg,Собака,0.8891,0.033,0.0779,640x480,Expert_Anna
img_0161.jpg,Кошка,0.0277,0.9273,0.0451,640x480,Expert_Bob
img_0162.jpg,Кошка,0.062,0.8893,0.0487,640x480,Intern_Vasya
img_0163.jpg,Кошка,0.2985,0.3317,0.3697,1920x1080,Expert_Bob
img_0164.jpg,Собака,0.878,0.06,0.062,800x600,Intern_Vasya
img_0165.jpg,Кошка,0.0524,0.0604,0.8872,800x600,Intern_Vasya
img_0166.jpg,Собака,0.943,0.0133,0.0438,640x480,Expert_Anna
img_0167.jpg,Собака,0.3179,0.307,0.3751,640x480,Intern_Vasya
img_0168.jpg,Кошка,0.3213,0.3389,0.3398,640x480,Expert_Anna
img_0169.jpg,Собака,0.9229,0.018,0.0591,800x600,Expert_Anna
img_0170.jpg,Кошка,0.0809,0.8965,0.0226,800x600,Expert_Bob
img_0171.jpg,Собака,0.0439,0.8929,0.0632,640x480,Expert_Bob
img_0172.jpg,Кошка,0.104,0.8629,0.033,640x480,Intern_Vasya
img_0173.jpg,Мышь,0.0267,0.0361,0.9373,640x480,Expert_Bob
img_0174.jpg,Собака,0.0379,0.8658,0.0963,640x480,Expert_Bob
img_0175.jpg,Собака,0.8496,0.0486,0.1018,1920x1080,Expert_Bob
img_0176.jpg,Кошка,0.0421,0.8772,0.0807,800x600,Intern_Vasya
img_0177.jpg,Кошка,0.0308,0.9043,0.065,1920x1080,Expert_Bob
img_0178.jpg,Кошка,0.0577,0.9085,0.0338,1920x1080,Expert_Bob
img_0179.jpg,Кошка,0.0276,0.9227,0.0497,640x480,Intern_Vasya
img_0180.jpg,Кошка,0.0334,0.8983,0.0683,640x480,Expert_Anna
img_0181.jpg,Собака,0.348,0.3143,0.3377,800x600,Intern_Vasya
img_0182.jpg,Кошка,0.3537,0.3133,0.3329,640x480,Intern_Vasya
img_0183.jpg,Собака,0.3029,0.3059,0.3912,1920x1080,Expert_Bob
img_0184.jpg,Собака,0.3158,0.3752,0.309,800x600,Intern_Vasya
img_0185.jpg,Кошка,0.0696,0.8683,0.0621,640x480,Expert_Bob
img_0186.jpg,Собака,0.3152,0.3188,0.366,800x600,Expert_Bob
img_0187.jpg,Кошка,0.0811,0.8986,0.0203,800x600,Expert_Anna
img_0188.jpg,Собака,0.957,0.0268,0.0163,1920x1080,Intern_Vasya
img_0189.jpg,Кошка,0.3356,0.3721,0.2923,1920x1080,Expert_Anna
img_0190.jpg,Собака,0.9402,0.0318,0.028,640x480,Intern_Vasya
img_0191.jpg,Мышь,0.0816,0.0684,0.85,800x600,Expert_Anna
img_0192.jpg,Кошка,0.0842,0.8367,0.0791,800x600,Expert_Anna
img_0193.jpg,Собака,0.3295,0.3488,0.3217,1920x1080,Expert_Bob
img_0194.jpg,Собака,0.9185,0.0523,0.0292,800x600,Intern_Vasya
img_0195.jpg,Кошка,0.3081,0.3332,0.3587,800x600,Expert_Anna
img_0196.jpg,Кошка,0.0613,0.8511,0.0876,800x600,Expert_Bob
img_0197.jpg,Собака,0.8982,0.0221,0.0797,1920x1080,Expert_Bob
img_0198.jpg,Кошка,0.0599,0.8564,0.0837,1920x1080,Expert_Bob
img_0199.jpg,Собака,0.8806,0.0353,0.084,640x480,Expert_Anna
img_0200.jpg,Собака,0.0604,0.852,0.0876,800x600,Expert_Anna
img_0201.jpg,Мышь,0.0904,0.0215,0.8881,800x600,Intern_Vasya
img_0202.jpg,Кошка,0.3248,0.3756,0.2997,640x480,Expert_Bob
img_0203.jpg,Собака,0.8602,0.07,0.0698,640x480,Expert_Bob
img_0204.jpg,Собака,0.3498,0.3447,0.3055,640x480,Intern_Vasya
img_0205.jpg,Собака,0.3166,0.3102,0.3732,640x480,Expert_Anna
img_0206.jpg,Собака,0.9094,0.0428,0.0479,1920x1080,Expert_Anna
img_0207.jpg,Кошка,0.0239,0.9203,0.0558,800x600,Expert_Bob
img_0208.jpg,Кошка,0.0115,0.8958,0.0927,1920x1080,Expert_Anna
img_0209.jpg,Собака,0.8326,0.0934,0.074,800x600,Expert_Anna
img_0210.jpg,Кошка,0.058,0.0606,0.8814,640x480,Intern_Vasya
img_0211.jpg,Кошка,0.0933,0.0925,0.8143,800x600,Expert_Anna
img_0212.jpg,Кошка,0.3622,0.3578,0.2799,800x600,Expert_Anna
img_0213.jpg,Собака,0.8629,0.0835,0.0536,800x600,Intern_Vasya
img_0214.jpg,Кошка,0.0442,0.9171,0.0387,800x600,Expert_Bob
img_0215.jpg,Собака,0.3037,0.3501,0.3463,640x480,Expert_Bob
img_0216.jpg,Кошка,0.0605,0.8969,0.0426,800x600,Expert_Bob
img_0217.jpg,Собака,0.9163,0.0524,0.0312,800x600,Intern_Vasya
img_0218.jpg,Собака,0.9159,0.0269,0.0571,1920x1080,Expert_Anna
img_0219.jpg,Мышь,0.8977,0.0416,0.0607,640x480,Intern_Vasya
img_0220.jpg,Мышь,0.9112,0.0647,0.0241,640x480,Expert_Bob
img_0221.jpg,Кошка,0.3223,0.3623,0.3154,1920x1080,Expert_Bob
img_0222.jpg,Кошка,0.1022,0.8327,0.0651,800x600,Expert_Anna
img_0223.jpg,Мышь,0.082,0.0306,0.8875,800x600,Expert_Anna
img_0224.jpg,Собака,0.9324,0.0137,0.0539,800x600,Intern_Vasya
img_0225.jpg,Собака,0.8732,0.0775,0.0493,800x600,Intern_Vasya
img_0226.jpg,Собака,0.3273,0.3334,0.3393,800x600,Intern_Vasya
img_0227.jpg,Собака,0.8958,0.0241,0.0801,800x600,Expert_Bob
img_0228.jpg,Собака,0.3242,0.3239,0.3519,640x480,Expert_Anna
img_0229.jpg,Кошка,0.0465,0.9296,0.0239,800x600,Expert_Anna
img_0230.jpg,Собака,0.9521,0.014,0.0338,800x600,Intern_Vasya
img_0231.jpg,Собака,0.9683,0.012,0.0197,800x600,Intern_Vasya
img_0232.jpg,Собака,0.891,0.0748,0.0342,640x480,Expert_Bob
img_0233.jpg,Собака,0.0296,0.8896,0.0808,640x480,Expert_Anna
img_0234.jpg,Кошка,0.0492,0.9202,0.0306,1920x1080,Intern_Vasya
img_0235.jpg,Собака,0.9668,0.0129,0.0204,1920x1080,Expert_Bob
img_0236.jpg,Кошка,0.3042,0.3317,0.3641,1920x1080,Expert_Bob
img_0237.jpg,Кошка,0.0481,0.868,0.0839,640x480,Expert_Bob
img_0238.jpg,Собака,0.888,0.0461,0.0659,800x600,Expert_Anna
img_0239.jpg,Собака,0.8923,0.0473,0.0603,1920x1080,Intern_Vasya
img_0240.jpg,Кошка,0.0381,0.0995,0.8624,1920x1080,Expert_Bob
img_0241.jpg,Кошка,0.0806,0.0492,0.8702,800x600,Intern_Vasya
img_0242.jpg,Собака,0.9513,0.0127,0.036,640x480,Expert_Bob
img_0243.jpg,Кошка,0.0639,0.9146,0.0215,640x480,Expert_Bob
img_0244.jpg,Кошка,0.101,0.8729,0.0261,800x600,Expert_Bob
img_0245.jpg,Собака,0.2951,0.3994,0.3055,800x600,Expert_Bob
img_0246.jpg,Кошка,0.0607,0.034,0.9054,640x480,Expert_Anna
img_0247.jpg,Кошка,0.0919,0.8962,0.0119,800x600,Expert_Anna
img_0248.jpg,Собака,0.8571,0.0831,0.0598,800x600,Expert_Bob
img_0249.jpg,Мышь,0.3379,0.2999,0.3622,640x480,Expert_Anna
img_0250.jpg,Собака,0.8888,0.0489,0.0623,640x480,Intern_Vasya
img_0251.jpg,Собака,0.9069,0.0758,0.0173,800x600,Expert_Anna
img_0252.jpg,Кошка,0.0343,0.9273,0.0385,640x480,Expert_Anna
img_0253.jpg,Собака,0.349,0.3171,0.3339,1920x1080,Expert_Anna
img_0254.jpg,Собака,0.0486,0.8645,0.0868,800x600,Intern_Vasya
img_0255.jpg,Кошка,0.3347,0.3254,0.3399,800x600,Intern_Vasya
img_0256.jpg,Кошка,0.0616,0.8854,0.053,800x600,Intern_Vasya
img_0257.jpg,Кошка,0.3227,0.378,0.2993,640x480,Expert_Anna
img_0258.jpg,Кошка,0.0167,0.9288,0.0545,640x480,Expert_Bob
img_0259.jpg,Мышь,0.3235,0.3146,0.3619,800x600,Expert_Anna
img_0260.jpg,Кошка,0.3506,0.3501,0.2992,1920x1080,Expert_Bob
img_0261.jpg,Собака,0.9413,0.0411,0.0176,1920x1080,Expert_Anna
img_0262.jpg,Собака,0.8515,0.0974,0.0511,800x600,Expert_Bob
img_0263.jpg,Собака,0.8529,0.0792,0.0679,800x600,Intern_Vasya
img_0264.jpg,Кошка,0.0691,0.8448,0.0862,1920x1080,Expert_Anna
img_0265.jpg,Кошка,0.0477,0.8649,0.0873,640x480,Expert_Anna
img_0266.jpg,Собака,0.8334,0.0734,0.0932,1920x1080,Expert_Bob
img_0267.jpg,Кошка,0.0607,0.9263,0.013,640x480,Expert_Anna
img_0268.jpg,Кошка,0.033,0.8795,0.0875,800x600,Intern_Vasya
img_0269.jpg,Кошка,0.0527,0.8612,0.0861,800x600,Intern_Vasya
img_0270.jpg,Собака,0.0853,0.8505,0.0642,640x480,Expert_Bob
img_0271.jpg,Собака,0.9061,0.0177,0.0762,800x600,Expert_Bob
img_0272.jpg,Собака,0.9433,0.0166,0.0401,800x600,Intern_Vasya
img_0273.jpg,Собака,0.3508,0.3145,0.3347,1920x1080,Intern_Vasya
img_0274.jpg,Собака,0.893,0.0726,0.0344,640x480,Intern_Vasya
img_0275.jpg,Мышь,0.8995,0.0119,0.0886,640x480,Expert_Bob
img_0276.jpg,Кошка,0.0906,0.0785,0.8309,1920x1080,Intern_Vasya
img_0277.jpg,Кошка,0.0752,0.8742,0.0506,1920x1080,Intern_Vasya
img_0278.jpg,Собака,0.3302,0.3491,0.3207,640x480,Intern_Vasya
img_0279.jpg,Кошка,0.3193,0.3296,0.3511,640x480,Intern_Vasya
img_0280.jpg,Собака,0.3302,0.3271,0.3427,1920x1080,Intern_Vasya
img_0281.jpg,Собака,0.9227,0.0419,0.0354,800x600,Expert_Bob
img_0282.jpg,Кошка,0.0124,0.9356,0.052,1920x1080,Intern_Vasya
img_0283.jpg,Кошка,0.0638,0.8507,0.0856,640x480,Expert_Bob
img_0284.jpg,Кошка,0.0166,0.9014,0.082,800x600,Expert_Bob
img_0285.jpg,Кошка,0.0489,0.9276,0.0235,1920x1080,Expert_Bob
img_0286.jpg,Мышь,0.0296,0.0911,0.8793,1920x1080,Intern_Vasya
img_0287.jpg,Кошка,0.0604,0.0331,0.9064,640x480,Expert_Bob
img_0288.jpg,Собака,0.8695,0.086,0.0445,800x600,Intern_Vasya
img_0289.jpg,Собака,0.8438,0.0764,0.0798,640x480,Intern_Vasya
img_0290.jpg,Собака,0.8827,0.0432,0.0741,640x480,Expert_Bob
img_0291.jpg,Собака,0.8812,0.0873,0.0316,1920x1080,Intern_Vasya
img_0292.jpg,Кошка,0.0622,0.8715,0.0663,640x480,Expert_Anna
img_0293.jpg,Кошка,0.3763,0.3239,0.2998,800x600,Intern_Vasya
img_0294.jpg,Собака,0.8386,0.0844,0.077,1920x1080,Expert_Anna
img_0295.jpg,Кошка,0.0715,0.91,0.0185,800x600,Expert_Anna
img_0296.jpg,Собака,0.043,0.8829,0.0742,1920x1080,Expert_Bob
img_0297.jpg,Собака,0.3038,0.329,0.3673,640x480,Intern_Vasya
img_0298.jpg,Кошка,0.0175,0.9258,0.0567,640x480,Intern_Vasya
img_0299.jpg,Собака,0.8809,0.0799,0.0392,1920x1080,Expert_Bob
img_0300.jpg,Кошка,0.0582,0.0325,0.9093,800x600,Expert_Anna
img_0301.jpg,Кошка,0.0634,0.8559,0.0806,800x600,Expert_Anna
img_0302.jpg,Кошка,0.0794,0.8543,0.0663,640x480,Expert_Bob
img_0303.jpg,Кошка,0.0728,0.0227,0.9044,800x600,Expert_Anna
img_0304.jpg,Собака,0.8908,0.087,0.0223,1920x1080,Expert_Bob
img_0305.jpg,Собака,0.8986,0.0229,0.0784,640x480,Intern_Vasya
img_0306.jpg,Мышь,0.0566,0.0108,0.9326,800x600,Expert_Anna
img_0307.jpg,Мышь,0.3645,0.3405,0.295,1920x1080,Expert_Anna
img_0308.jpg,Кошка,0.0693,0.8478,0.0829,640x480,Expert_Anna
img_0309.jpg,Кошка,0.0755,0.8316,0.0929,1920x1080,Intern_Vasya
img_0310.jpg,Собака,0.0629,0.919,0.0181,1920x1080,Expert_Anna
img_0311.jpg,Кошка,0.365,0.3106,0.3245,1920x1080,Intern_Vasya
img_0312.jpg,Кошка,0.0736,0.8641,0.0623,800x600,Expert_Anna
img_0313.jpg,Кошка,0.0578,0.8645,0.0776,800x600,Expert_Anna
img_0314.jpg,Собака,0.9049,0.0743,0.0208,1920x1080,Intern_Vasya
img_0315.jpg,Собака,0.9458,0.0127,0.0414,800x600,Intern_Vasya
img_0316.jpg,Кошка,0.0808,0.8681,0.0511,1920x1080,Intern_Vasya
img_0317.jpg,Собака,0.366,0.3206,0.3134,640x480,Intern_Vasya
img_0318.jpg,Собака,0.2919,0.3639,0.3441,1920x1080,Expert_Anna
img_0319.jpg,Мышь,0.9125,0.0172,0.0703,800x600,Intern_Vasya
img_0320.jpg,Собака,0.3112,0.39,0.2988,800x600,Expert_Anna
img_0321.jpg,Кошка,0.048,0.905,0.0469,1920x1080,Expert_Anna
img_0322.jpg,Собака,0.3149,0.3126,0.3726,640x480,Intern_Vasya
img_0323.jpg,Кошка,0.051,0.9155,0.0334,640x480,Intern_Vasya
img_0324.jpg,Собака,0.8961,0.0638,0.0401,800x600,Expert_Anna
img_0325.jpg,Кошка,0.0504,0.9241,0.0256,640x480,Intern_Vasya
img_0326.jpg,Кошка,0.0719,0.8506,0.0775,1920x1080,Expert_Bob
img_0327.jpg,Собака,0.9656,0.0216,0.0128,800x600,Expert_Bob
img_0328.jpg,Собака,0.3287,0.3556,0.3157,800x600,Expert_Bob
img_0329.jpg,Собака,0.9046,0.0218,0.0736,1920x1080,Intern_Vasya
img_0330.jpg,Кошка,0.0294,0.9541,0.0165,1920x1080,Expert_Anna
img_0331.jpg,Собака,0.3107,0.3744,0.3149,800x600,Expert_Anna
img_0332.jpg,Кошка,0.0541,0.9284,0.0175,640x480,Intern_Vasya
img_0333.jpg,Собака,0.9029,0.062,0.0351,800x600,Intern_Vasya
img_0334.jpg,Кошка,0.0881,0.8982,0.0137,640x480,Expert_Anna
img_0335.jpg,Мышь,0.2954,0.3195,0.3851,800x600,Expert_Anna
img_0336.jpg,Кошка,0.0223,0.9134,0.0642,640x480,Expert_Bob
img_0337.jpg,Собака,0.947,0.0115,0.0415,640x480,Expert_Bob
img_0338.jpg,Собака,0.9373,0.0478,0.0149,1920x1080,Expert_Bob
img_0339.jpg,Кошка,0.0458,0.022,0.9322,640x480,Intern_Vasya
img_0340.jpg,Кошка,0.0885,0.8844,0.027,640x480,Intern_Vasya
img_0341.jpg,Кошка,0.0636,0.9243,0.0121,1920x1080,Expert_Bob
img_0342.jpg,Кошка,0.0139,0.916,0.07,800x600,Expert_Bob
img_0343.jpg,Собака,0.0694,0.8927,0.0379,640x480,Intern_Vasya
img_0344.jpg,Собака,0.8644,0.0819,0.0536,640x480,Expert_Anna
img_0345.jpg,Собака,0.8823,0.0638,0.0539,800x600,Expert_Bob
img_0346.jpg,Собака,0.9457,0.0176,0.0367,800x600,Intern_Vasya
img_0347.jpg,Собака,0.0842,0.8226,0.0931,640x480,Expert_Anna
img_0348.jpg,Кошка,0.0266,0.9034,0.07,640x480,Expert_Anna
img_0349.jpg,Кошка,0.0555,0.9162,0.0283,640x480,Expert_Bob
img_0350.jpg,Собака,0.9059,0.0668,0.0273,800x600,Expert_Anna
img_0351.jpg,Кошка,0.0176,0.947,0.0354,800x600,Expert_Anna
img_0352.jpg,Собака,0.3385,0.3347,0.3269,800x600,Intern_Vasya
img_0353.jpg,Кошка,0.0447,0.9151,0.0402,800x600,Intern_Vasya
img_0354.jpg,Собака,0.8547,0.0852,0.0601,1920x1080,Expert_Anna
img_0355.jpg,Кошка,0.0663,0.8556,0.0781,1920x1080,Expert_Anna
img_0356.jpg,Собака,0.9083,0.0326,0.0591,1920x1080,Expert_Bob
img_0357.jpg,Кошка,0.028,0.9074,0.0646,640x480,Intern_Vasya
img_0358.jpg,Кошка,0.023,0.8801,0.0969,640x480,Expert_Anna
img_0359.jpg,Собака,0.8861,0.0897,0.0242,1920x1080,Expert_Bob
img_0360.jpg,Кошка,0.0529,0.8611,0.086,640x480,Intern_Vasya
img_0361.jpg,Собака,0.8872,0.0452,0.0676,1920x1080,Expert_Bob
img_0362.jpg,Собака,0.0451,0.9218,0.0331,800x600,Intern_Vasya
img_0363.jpg,Кошка,0.0376,0.9416,0.0208,1920x1080,Expert_Anna
img_0364.jpg,Собака,0.9456,0.0355,0.0189,1920x1080,Expert_Bob
img_0365.jpg,Кошка,0.3259,0.3178,0.3563,1920x1080,Expert_Bob
img_0366.jpg,Кошка,0.0465,0.891,0.0625,640x480,Expert_Anna
img_0367.jpg,Кошка,0.0256,0.9608,0.0136,800x600,Expert_Bob
img_0368.jpg,Кошка,0.0648,0.049,0.8861,1920x1080,Expert_Anna
img_0369.jpg,Собака,0.8756,0.094,0.0304,1920x1080,Intern_Vasya
img_0370.jpg,Собака,0.328,0.316,0.356,1920x1080,Expert_Anna
img_0371.jpg,Мышь,0.3893,0.3062,0.3044,800x600,Intern_Vasya
img_0372.jpg,Кошка,0.0514,0.9095,0.039,640x480,Intern_Vasya
img_0373.jpg,Кошка,0.2937,0.315,0.3913,640x480,Expert_Bob
img_0374.jpg,Собака,0.8967,0.0102,0.0931,800x600,Intern_Vasya
img_0375.jpg,Собака,0.8927,0.0509,0.0564,1920x1080,Expert_Bob
img_0376.jpg,Кошка,0.0744,0.9121,0.0135,800x600,Expert_Anna
img_0377.jpg,Собака,0.0651,0.8723,0.0626,1920x1080,Intern_Vasya
img_0378.jpg,Кошка,0.0175,0.0669,0.9156,640x480,Intern_Vasya
img_0379.jpg,Кошка,0.0238,0.8979,0.0783,640x480,Intern_Vasya
img_0380.jpg,Кошка,0.0649,0.8756,0.0595,640x480,Intern_Vasya
img_0381.jpg,Собака,0.336,0.2921,0.3719,640x480,Expert_Anna
img_0382.jpg,Мышь,0.0675,0.0664,0.8662,800x600,Intern_Vasya
img_0383.jpg,Собака,0.3309,0.3679,0.3011,1920x1080,Expert_Anna
img_0384.jpg,Кошка,0.0599,0.0865,0.8535,640x480,Intern_Vasya
img_0385.jpg,Кошка,0.0451,0.8772,0.0777,800x600,Expert_Bob
img_0386.jpg,Собака,0.8642,0.0893,0.0465,640x480,Expert_Anna
img_0387.jpg,Кошка,0.3229,0.3453,0.3318,1920x1080,Expert_Bob
img_0388.jpg,Собака,0.341,0.3161,0.3429,800x600,Expert_Bob
img_0389.jpg,Кошка,0.3184,0.3756,0.306,640x480,Expert_Anna
img_0390.jpg,Собака,0.9132,0.0421,0.0447,1920x1080,Expert_Bob
img_0391.jpg,Собака,0.333,0.3497,0.3172,640x480,Expert_Bob
img_0392.jpg,Собака,0.3459,0.3409,0.3132,1920x1080,Expert_Bob
img_0393.jpg,Кошка,0.3275,0.3434,0.3291,800x600,Expert_Anna
img_0394.jpg,Кошка,0.052,0.0444,0.9036,640x480,Intern_Vasya
img_0395.jpg,Кошка,0.055,0.9029,0.0421,640x480,Expert_Bob
img_0396.jpg,Кошка,0.045,0.8981,0.0569,800x600,Expert_Anna
img_0397.jpg,Мышь,0.0689,0.0727,0.8583,800x600,Expert_Anna
img_0398.jpg,Собака,0.9602,0.0287,0.0111,1920x1080,Expert_Bob
img_0399.jpg,Кошка,0.0912,0.8149,0.0938,640x480,Intern_Vasya
img_0400.jpg,Кошка,0.0936,0.8874,0.019,800x600,Intern_Vasya
img_0401.jpg,Собака,0.9286,0.0347,0.0367,1920x1080,Expert_Anna
img_0402.jpg,Кошка,0.3352,0.3224,0.3424,1920x1080,Intern_Vasya
img_0403.jpg,Собака,0.9097,0.0382,0.0522,640x480,Intern_Vasya
img_0404.jpg,Собака,0.9021,0.0715,0.0264,800x600,Intern_Vasya
img_0405.jpg,Кошка,0.075,0.8629,0.0621,1920x1080,Expert_Bob
img_0406.jpg,Мышь,0.35,0.3147,0.3354,1920x1080,Expert_Bob
img_0407.jpg,Кошка,0.0538,0.8858,0.0605,800x600,Expert_Bob
img_0408.jpg,Кошка,0.3148,0.3442,0.341,640x480,Intern_Vasya
img_0409.jpg,Собака,0.9032,0.0299,0.0668,1920x1080,Intern_Vasya
img_0410.jpg,Собака,0.8642,0.0931,0.0428,640x480,Expert_Bob
img_0411.jpg,Кошка,0.0768,0.8428,0.0804,1920x1080,Intern_Vasya
img_0412.jpg,Кошка,0.0719,0.0191,0.909,800x600,Expert_Anna
img_0413.jpg,Кошка,0.0569,0.8739,0.0692,640x480,Expert_Anna
img_0414.jpg,Кошка,0.0306,0.9568,0.0126,1920x1080,Expert_Bob
img_0415.jpg,Кошка,0.0648,0.0593,0.8759,800x600,Expert_Anna
img_0416.jpg,Собака,0.8432,0.0559,0.101,800x600,Expert_Anna
img_0417.jpg,Собака,0.908,0.045,0.0471,1920x1080,Intern_Vasya
img_0418.jpg,Кошка,0.3387,0.3773,0.284,1920x1080,Expert_Anna
img_0419.jpg,Собака,0.0207,0.9128,0.0665,640x480,Expert_Anna
img_0420.jpg,Кошка,0.0182,0.886,0.0958,640x480,Expert_Anna
img_0421.jpg,Кошка,0.0437,0.9094,0.0469,1920x1080,Expert_Anna
img_0422.jpg,Кошка,0.3357,0.3002,0.3641,640x480,Expert_Bob
img_0423.jpg,Собака,0.8621,0.0547,0.0833,800x600,Expert_Anna
img_0424.jpg,Собака,0.9213,0.0389,0.0397,640x480,Expert_Bob
img_0425.jpg,Собака,0.0906,0.8546,0.0548,800x600,Intern_Vasya
img_0426.jpg,Кошка,0.3406,0.3087,0.3507,640x480,Expert_Anna
img_0427.jpg,Кошка,0.0956,0.8328,0.0716,1920x1080,Intern_Vasya
img_0428.jpg,Собака,0.9316,0.0185,0.0499,1920x1080,Intern_Vasya
img_0429.jpg,Кошка,0.0376,0.8882,0.0742,800x600,Expert_Anna
img_0430.jpg,Мышь,0.0292,0.0431,0.9277,640x480,Intern_Vasya
img_0431.jpg,Собака,0.0867,0.8338,0.0796,1920x1080,Intern_Vasya
img_0432.jpg,Собака,0.8957,0.0196,0.0847,640x480,Expert_Anna
img_0433.jpg,Собака,0.8396,0.0836,0.0768,1920x1080,Intern_Vasya
img_0434.jpg,Кошка,0.0416,0.9111,0.0473,640x480,Intern_Vasya
img_0435.jpg,Кошка,0.0936,0.8691,0.0372,800x600,Intern_Vasya
img_0436.jpg,Собака,0.3227,0.3479,0.3295,640x480,Expert_Bob
img_0437.jpg,Мышь,0.0836,0.0493,0.8671,1920x1080,Expert_Anna
img_0438.jpg,Собака,0.3084,0.3927,0.2989,800x600,Expert_Anna
img_0439.jpg,Собака,0.8786,0.0403,0.0811,1920x1080,Expert_Anna
img_0440.jpg,Собака,0.8731,0.0868,0.0401,800x600,Intern_Vasya
img_0441.jpg,Собака,0.8982,0.0266,0.0753,640x480,Expert_Anna
img_0442.jpg,Собака,0.0971,0.8194,0.0834,1920x1080,Intern_Vasya
img_0443.jpg,Собака,0.8617,0.0876,0.0507,800x600,Expert_Bob
img_0444.jpg,Кошка,0.3586,0.3093,0.3322,800x600,Expert_Bob
img_0445.jpg,Мышь,0.052,0.0263,0.9217,800x600,Expert_Bob
img_0446.jpg,Кошка,0.0122,0.8924,0.0954,1920x1080,Intern_Vasya
img_0447.jpg,Собака,0.9115,0.0498,0.0387,1920x1080,Intern_Vasya
img_0448.jpg,Собака,0.9061,0.021,0.0729,800x600,Intern_Vasya
img_0449.jpg,Собака,0.898,0.0758,0.0262,640x480,Expert_Bob
img_0450.jpg,Собака,0.9369,0.0487,0.0144,800x600,Expert_Anna
img_0451.jpg,Кошка,0.0163,0.0777,0.906,640x480,Expert_Bob
img_0452.jpg,Собака,0.0259,0.9317,0.0424,1920x1080,Expert_Anna
img_0453.jpg,Кошка,0.0647,0.8853,0.05,640x480,Intern_Vasya
img_0454.jpg,Кошка,0.078,0.0613,0.8607,1920x1080,Intern_Vasya
img_0455.jpg,Кошка,0.0548,0.9244,0.0208,1920x1080,Expert_Anna
img_0456.jpg,Собака,0.3416,0.3253,0.333,800x600,Expert_Bob
img_0457.jpg,Кошка,0.0442,0.8847,0.0711,1920x1080,Intern_Vasya
img_0458.jpg,Собака,0.8886,0.0525,0.059,800x600,Expert_Anna
img_0459.jpg,Кошка,0.0349,0.9418,0.0233,800x600,Expert_Bob
img_0460.jpg,Кошка,0.0281,0.9416,0.0303,1920x1080,Expert_Anna
img_0461.jpg,Кошка,0.0858,0.8578,0.0563,800x600,Intern_Vasya
img_0462.jpg,Собака,0.3236,0.3242,0.3522,640x480,Expert_Bob
img_0463.jpg,Собака,0.3138,0.3668,0.3194,640x480,Expert_Bob
img_0464.jpg,Собака,0.8709,0.0763,0.0528,1920x1080,Expert_Bob
img_0465.jpg,Собака,0.3151,0.3313,0.3536,1920x1080,Intern_Vasya
img_0466.jpg,Мышь,0.8295,0.0926,0.078,640x480,Expert_Bob
img_0467.jpg,Кошка,0.0676,0.9015,0.0309,800x600,Expert_Bob
img_0468.jpg,Кошка,0.2867,0.384,0.3294,640x480,Intern_Vasya
img_0469.jpg,Собака,0.8521,0.0642,0.0838,1920x1080,Expert_Anna
img_0470.jpg,Мышь,0.352,0.3059,0.3421,1920x1080,Expert_Bob
img_0471.jpg,Собака,0.8752,0.0719,0.0528,800x600,Expert_Bob
img_0472.jpg,Кошка,0.0152,0.9022,0.0826,640x480,Expert_Anna
img_0473.jpg,Собака,0.8977,0.0106,0.0917,640x480,Intern_Vasya
img_0474.jpg,Собака,0.9238,0.0358,0.0404,800x600,Intern_Vasya
img_0475.jpg,Собака,0.0761,0.8958,0.0281,640x480,Expert_Anna
img_0476.jpg,Собака,0.3396,0.3596,0.3008,800x600,Expert_Anna
img_0477.jpg,Кошка,0.2947,0.3116,0.3937,640x480,Intern_Vasya
img_0478.jpg,Собака,0.0375,0.8946,0.0679,800x600,Intern_Vasya
img_0479.jpg,Кошка,0.0274,0.9098,0.0628,1920x1080,Intern_Vasya
img_0480.jpg,Собака,0.9323,0.0547,0.0131,800x600,Intern_Vasya
img_0481.jpg,Собака,0.0748,0.8355,0.0897,640x480,Expert_Bob
img_0482.jpg,Кошка,0.0583,0.8641,0.0776,640x480,Intern_Vasya
img_0483.jpg,Собака,0.2959,0.3273,0.3768,640x480,Intern_Vasya
img_0484.jpg,Собака,0.3174,0.3434,0.3392,640x480,Intern_Vasya
img_0485.jpg,Собака,0.3086,0.3347,0.3566,640x480,Intern_Vasya
img_0486.jpg,Собака,0.0308,0.9422,0.027,1920x1080,Expert_Anna
img_0487.jpg,Собака,0.0611,0.8641,0.0748,640x480,Expert_Bob
img_0488.jpg,Кошка,0.3467,0.3631,0.2902,800x600,Intern_Vasya
img_0489.jpg,Кошка,0.0707,0.8514,0.0778,640x480,Intern_Vasya
img_0490.jpg,Собака,0.0791,0.8951,0.0257,800x600,Expert_Anna
img_0491.jpg,Кошка,0.3616,0.3667,0.2717,800x600,Expert_Bob
img_0492.jpg,Собака,0.9077,0.0208,0.0716,800x600,Expert_Bob
img_0493.jpg,Собака,0.8693,0.0514,0.0793,640x480,Expert_Anna
img_0494.jpg,Собака,0.3296,0.3442,0.3262,640x480,Expert_Bob
img_0495.jpg,Мышь,0.0346,0.0572,0.9082,800x600,Intern_Vasya
img_0496.jpg,Кошка,0.0687,0.9064,0.0249,800x600,Expert_Anna
img_0497.jpg,Собака,0.9018,0.0294,0.0688,1920x1080,Expert_Anna
img_0498.jpg,Собака,0.8675,0.0477,0.0848,640x480,Expert_Bob
img_0499.jpg,Собака,0.0624,0.8695,0.0681,1920x1080,Expert_Bob
img_0500.jpg,Кошка,0.3096,0.3614,0.3291,1920x1080,Expert_Anna
img_0501.jpg,Собака,0.9113,0.076,0.0128,800x600,Expert_Bob
img_0502.jpg,Собака,0.8609,0.0961,0.0431,800x600,Intern_Vasya
img_0503.jpg,Собака,0.8867,0.0336,0.0797,640x480,Expert_Bob
img_0504.jpg,Собака,0.8854,0.0461,0.0686,640x480,Intern_Vasya
img_0505.jpg,Кошка,0.0608,0.894,0.0452,1920x1080,Expert_Anna
img_0506.jpg,Собака,0.0103,0.9479,0.0419,640x480,Expert_Bob
img_0507.jpg,Кошка,0.0185,0.9279,0.0536,800x600,Expert_Anna
img_0508.jpg,Кошка,0.0161,0.9223,0.0616,640x480,Expert_Bob
img_0509.jpg,Собака,0.8474,0.0706,0.0821,640x480,Expert_Bob
img_0510.jpg,Кошка,0.3662,0.3432,0.2906,640x480,Expert_Anna
img_0511.jpg,Собака,0.8856,0.038,0.0764,800x600,Expert_Bob
img_0512.jpg,Кошка,0.0845,0.8638,0.0518,1920x1080,Expert_Anna
img_0513.jpg,Кошка,0.044,0.9361,0.02,1920x1080,Expert_Anna
img_0514.jpg,Собака,0.3137,0.3356,0.3507,800x600,Intern_Vasya
img_0515.jpg,Собака,0.3556,0.3375,0.3069,640x480,Expert_Anna
img_0516.jpg,Собака,0.3422,0.3671,0.2907,1920x1080,Expert_Bob
img_0517.jpg,Мышь,0.3168,0.3691,0.3142,800x600,Intern_Vasya
img_0518.jpg,Собака,0.0642,0.908,0.0278,640x480,Expert_Bob
img_0519.jpg,Кошка,0.0397,0.9483,0.0121,1920x1080,Expert_Bob
img_0520.jpg,Собака,0.9128,0.0528,0.0344,800x600,Intern_Vasya
img_0521.jpg,Собака,0.0308,0.8873,0.0818,640x480,Intern_Vasya
img_0522.jpg,Собака,0.8698,0.0802,0.05,640x480,Intern_Vasya
img_0523.jpg,Кошка,0.3107,0.3157,0.3736,640x480,Expert_Bob
img_0524.jpg,Собака,0.3244,0.3283,0.3473,640x480,Expert_Bob
img_0525.jpg,Собака,0.3553,0.3048,0.3398,1920x1080,Intern_Vasya
img_0526.jpg,Кошка,0.0207,0.9149,0.0644,1920x1080,Expert_Bob
img_0527.jpg,Собака,0.9439,0.0168,0.0393,640x480,Expert_Anna
img_0528.jpg,Собака,0.3077,0.3844,0.3079,800x600,Intern_Vasya
img_0529.jpg,Кошка,0.3078,0.3666,0.3256,640x480,Expert_Anna
img_0530.jpg,Кошка,0.0886,0.0176,0.8938,800x600,Intern_Vasya
img_0531.jpg,Собака,0.0166,0.9594,0.024,800x600,Intern_Vasya
img_0532.jpg,Собака,0.8588,0.0441,0.0972,640x480,Intern_Vasya
img_0533.jpg,Кошка,0.3241,0.3615,0.3144,640x480,Expert_Bob
img_0534.jpg,Собака,0.9316,0.0161,0.0523,640x480,Expert_Bob
img_0535.jpg,Собака,0.0733,0.8946,0.032,800x600,Expert_Bob
img_0536.jpg,Кошка,0.3082,0.3562,0.3355,800x600,Expert_Bob
img_0537.jpg,Собака,0.8855,0.0698,0.0447,640x480,Expert_Bob
img_0538.jpg,Собака,0.9386,0.0296,0.0318,640x480,Expert_Bob
img_0539.jpg,Кошка,0.0579,0.9226,0.0195,800x600,Expert_Anna
img_0540.jpg,Собака,0.9096,0.0162,0.0742,640x480,Expert_Anna
img_0541.jpg,Собака,0.888,0.0547,0.0573,800x600,Intern_Vasya
img_0542.jpg,Собака,0.85,0.0828,0.0672,640x480,Expert_Bob
img_0543.jpg,Кошка,0.3177,0.3513,0.331,1920x1080,Expert_Anna
img_0544.jpg,Кошка,0.0158,0.9004,0.0838,1920x1080,Expert_Anna
img_0545.jpg,Кошка,0.0165,0.952,0.0315,640x480,Expert_Anna
img_0546.jpg,Собака,0.8841,0.0391,0.0768,640x480,Expert_Bob
img_0547.jpg,Собака,0.2872,0.3611,0.3517,1920x1080,Intern_Vasya
img_0548.jpg,Мышь,0.0798,0.0284,0.8917,640x480,Expert_Bob
img_0549.jpg,Собака,0.9691,0.0136,0.0173,800x600,Expert_Bob
img_0550.jpg,Собака,0.8786,0.0627,0.0587,1920x1080,Intern_Vasya
img_0551.jpg,Кошка,0.0652,0.8931,0.0417,640x480,Expert_Anna
img_0552.jpg,Кошка,0.096,0.8474,0.0566,1920x1080,Expert_Anna
img_0553.jpg,Мышь,0.0743,0.0566,0.8691,800x600,Expert_Anna
img_0554.jpg,Кошка,0.0471,0.0954,0.8574,800x600,Expert_Anna
img_0555.jpg,Собака,0.8893,0.0752,0.0356,1920x1080,Expert_Bob
img_0556.jpg,Собака,0.09,0.8131,0.0969,640x480,Intern_Vasya
img_0557.jpg,Собака,0.027,0.8862,0.0867,640x480,Expert_Bob
img_0558.jpg,Собака,0.0262,0.9016,0.0722,800x600,Expert_Anna
img_0559.jpg,Кошка,0.3444,0.3464,0.3092,640x480,Expert_Anna
img_0560.jpg,Собака,0.8638,0.0444,0.0919,800x600,Intern_Vasya
img_0561.jpg,Кошка,0.0647,0.8492,0.0861,640x480,Intern_Vasya
img_0562.jpg,Кошка,0.0263,0.0119,0.9618,640x480,Expert_Bob
img_0563.jpg,Собака,0.3454,0.372,0.2826,1920x1080,Expert_Anna
img_0564.jpg,Собака,0.0678,0.8542,0.078,1920x1080,Expert_Bob
img_0565.jpg,Собака,0.888,0.0738,0.0382,800x600,Expert_Bob
img_0566.jpg,Собака,0.3572,0.3313,0.3115,1920x1080,Expert_Bob
img_0567.jpg,Кошка,0.3243,0.367,0.3087,1920x1080,Intern_Vasya
img_0568.jpg,Собака,0.8379,0.0758,0.0863,800x600,Intern_Vasya
img_0569.jpg,Кошка,0.0336,0.0242,0.9422,640x480,Expert_Bob
img_0570.jpg,Кошка,0.3373,0.3375,0.3252,800x600,Expert_Bob
img_0571.jpg,Кошка,0.0386,0.9129,0.0485,1920x1080,Expert_Bob
img_0572.jpg,Собака,0.3456,0.3046,0.3498,640x480,Expert_Bob
img_0573.jpg,Собака,0.9044,0.0779,0.0177,800x600,Intern_Vasya
img_0574.jpg,Кошка,0.0897,0.0314,0.879,1920x1080,Intern_Vasya
img_0575.jpg,Кошка,0.068,0.0726,0.8594,1920x1080,Intern_Vasya
img_0576.jpg,Собака,0.3329,0.3241,0.343,1920x1080,Intern_Vasya
img_0577.jpg,Собака,0.0624,0.8575,0.0802,640x480,Expert_Anna
img_0578.jpg,Кошка,0.0745,0.8947,0.0308,800x600,Intern_Vasya
img_0579.jpg,Собака,0.3526,0.3516,0.2958,640x480,Intern_Vasya
img_0580.jpg,Собака,0.0482,0.8675,0.0843,800x600,Expert_Anna
img_0581.jpg,Собака,0.8819,0.0981,0.02,800x600,Intern_Vasya
img_0582.jpg,Собака,0.8345,0.0749,0.0906,800x600,Intern_Vasya
img_0583.jpg,Собака,0.8803,0.0339,0.0858,1920x1080,Intern_Vasya
img_0584.jpg,Собака,0.8965,0.0111,0.0924,800x600,Expert_Bob
img_0585.jpg,Кошка,0.036,0.9299,0.034,1920x1080,Expert_Anna
img_0586.jpg,Мышь,0.0221,0.0804,0.8975,800x600,Expert_Bob
img_0587.jpg,Собака,0.9312,0.0121,0.0567,640x480,Intern_Vasya
img_0588.jpg,Кошка,0.0613,0.9032,0.0355,800x600,Expert_Bob
img_0589.jpg,Кошка,0.0139,0.0884,0.8977,800x600,Expert_Anna
img_0590.jpg,Кошка,0.3336,0.3729,0.2935,640x480,Expert_Anna
img_0591.jpg,Кошка,0.0189,0.8911,0.09,1920x1080,Intern_Vasya
img_0592.jpg,Собака,0.8281,0.0917,0.0801,1920x1080,Expert_Anna
img_0593.jpg,Кошка,0.0171,0.092,0.891,800x600,Intern_Vasya
img_0594.jpg,Кошка,0.0176,0.9152,0.0671,800x600,Expert_Anna
img_0595.jpg,Собака,0.8819,0.0615,0.0566,800x600,Expert_Anna
img_0596.jpg,Кошка,0.3109,0.3326,0.3565,1920x1080,Expert_Anna
img_0597.jpg,Кошка,0.0623,0.8892,0.0485,1920x1080,Expert_Anna
img_0598.jpg,Собака,0.861,0.0644,0.0746,1920x1080,Expert_Bob
img_0599.jpg,Кошка,0.3486,0.3162,0.3352,1920x1080,Expert_Anna
img_0600.jpg,Кошка,0.0507,0.8595,0.0898,1920x1080,Intern_Vasya
img_0601.jpg,Собака,0.0803,0.8496,0.07,1920x1080,Expert_Anna
img_0602.jpg,Кошка,0.0368,0.9045,0.0587,640x480,Intern_Vasya
img_0603.jpg,Собака,0.867,0.0351,0.0979,640x480,Expert_Bob
img_0604.jpg,Собака,0.0549,0.8782,0.0669,640x480,Intern_Vasya
img_0605.jpg,Собака,0.9229,0.065,0.0121,1920x1080,Intern_Vasya
img_0606.jpg,Кошка,0.0327,0.0147,0.9526,1920x1080,Intern_Vasya
img_0607.jpg,Кошка,0.0827,0.8608,0.0565,1920x1080,Expert_Bob
img_0608.jpg,Кошка,0.3763,0.3325,0.2912,640x480,Expert_Bob
img_0609.jpg,Кошка,0.0653,0.8937,0.0409,800x600,Expert_Bob
img_0610.jpg,Собака,0.8857,0.0488,0.0656,1920x1080,Expert_Anna
img_0611.jpg,Собака,0.3152,0.3413,0.3435,800x600,Expert_Anna
img_0612.jpg,Кошка,0.0465,0.0456,0.9079,640x480,Intern_Vasya
img_0613.jpg,Собака,0.8895,0.0343,0.0763,1920x1080,Expert_Bob
img_0614.jpg,Кошка,0.0928,0.0112,0.8959,800x600,Expert_Anna
img_0615.jpg,Кошка,0.0339,0.0157,0.9504,1920x1080,Expert_Bob
img_0616.jpg,Собака,0.3083,0.3473,0.3444,1920x1080,Expert_Anna
img_0617.jpg,Собака,0.3368,0.3211,0.3421,640x480,Intern_Vasya
img_0618.jpg,Кошка,0.0807,0.9015,0.0179,800x600,Expert_Bob
img_0619.jpg,Мышь,0.0917,0.0679,0.8404,1920x1080,Intern_Vasya
img_0620.jpg,Собака,0.0574,0.8817,0.0609,800x600,Expert_Anna
img_0621.jpg,Кошка,0.3186,0.3523,0.329,800x600,Expert_Anna
img_0622.jpg,Кошка,0.3046,0.3965,0.2989,800x600,Expert_Bob
img_0623.jpg,Кошка,0.0612,0.9272,0.0116,800x600,Expert_Bob
img_0624.jpg,Кошка,0.0403,0.8914,0.0683,1920x1080,Intern_Vasya
img_0625.jpg,Собака,0.0211,0.9381,0.0409,1920x1080,Expert_Bob
img_0626.jpg,Собака,0.8477,0.0828,0.0695,1920x1080,Intern_Vasya
img_0627.jpg,Собака,0.9292,0.034,0.0368,640x480,Intern_Vasya
img_0628.jpg,Кошка,0.0457,0.8777,0.0766,1920x1080,Expert_Bob
img_0629.jpg,Собака,0.9123,0.0489,0.0388,1920x1080,Expert_Bob
img_0630.jpg,Кошка,0.0418,0.0617,0.8965,800x600,Expert_Bob
img_0631.jpg,Кошка,0.0475,0.8995,0.053,640x480,Intern_Vasya
img_0632.jpg,Кошка,0.0981,0.8759,0.026,640x480,Expert_Bob
img_0633.jpg,Собака,0.3404,0.3494,0.3102,800x600,Expert_Anna
img_0634.jpg,Кошка,0.0167,0.9446,0.0387,640x480,Expert_Anna
img_0635.jpg,Кошка,0.0589,0.0391,0.902,1920x1080,Intern_Vasya
img_0636.jpg,Собака,0.9041,0.0729,0.023,1920x1080,Intern_Vasya
img_0637.jpg,Собака,0.2828,0.3406,0.3765,1920x1080,Expert_Anna
img_0638.jpg,Кошка,0.0479,0.9384,0.0137,640x480,Intern_Vasya
img_0639.jpg,Кошка,0.3136,0.3097,0.3767,800x600,Intern_Vasya
img_0640.jpg,Собака,0.8661,0.038,0.0959,640x480,Expert_Bob
img_0641.jpg,Собака,0.877,0.0367,0.0863,800x600,Intern_Vasya
img_0642.jpg,Мышь,0.0724,0.0846,0.843,640x480,Intern_Vasya
img_0643.jpg,Собака,0.0456,0.9133,0.0411,1920x1080,Expert_Anna
img_0644.jpg,Кошка,0.0232,0.9196,0.0572,1920x1080,Expert_Anna
img_0645.jpg,Кошка,0.0875,0.8742,0.0383,800x600,Expert_Bob
img_0646.jpg,Кошка,0.0299,0.9257,0.0444,800x600,Expert_Bob
img_0647.jpg,Кошка,0.0908,0.0564,0.8528,1920x1080,Expert_Bob
img_0648.jpg,Кошка,0.0233,0.0518,0.9249,640x480,Intern_Vasya
img_0649.jpg,Кошка,0.0438,0.8715,0.0847,800x600,Expert_Bob
img_0650.jpg,Кошка,0.0635,0.9073,0.0292,1920x1080,Intern_Vasya
img_0651.jpg,Собака,0.8831,0.0553,0.0616,800x600,Intern_Vasya
img_0652.jpg,Кошка,0.0902,0.8399,0.0699,1920x1080,Intern_Vasya
img_0653.jpg,Кошка,0.0889,0.8294,0.0817,640x480,Intern_Vasya
img_0654.jpg,Собака,0.8878,0.0316,0.0806,1920x1080,Intern_Vasya
img_0655.jpg,Кошка,0.0242,0.0534,0.9224,640x480,Intern_Vasya
img_0656.jpg,Собака,0.089,0.8666,0.0444,800x600,Expert_Anna
img_0657.jpg,Мышь,0.0282,0.0782,0.8936,640x480,Expert_Bob
img_0658.jpg,Кошка,0.0481,0.874,0.0779,640x480,Expert_Anna
img_0659.jpg,Кошка,0.0449,0.0812,0.8739,640x480,Intern_Vasya
img_0660.jpg,Собака,0.3846,0.3175,0.2979,1920x1080,Intern_Vasya
img_0661.jpg,Кошка,0.076,0.8485,0.0755,800x600,Expert_Anna
img_0662.jpg,Собака,0.8651,0.0863,0.0486,1920x1080,Expert_Bob
img_0663.jpg,Кошка,0.3402,0.3799,0.2799,640x480,Expert_Bob
img_0664.jpg,Мышь,0.0501,0.0681,0.8819,640x480,Expert_Bob
img_0665.jpg,Кошка,0.0217,0.9367,0.0416,1920x1080,Expert_Bob
img_0666.jpg,Кошка,0.0376,0.8593,0.1031,1920x1080,Intern_Vasya
img_0667.jpg,Кошка,0.0959,0.8228,0.0813,640x480,Expert_Bob
img_0668.jpg,Кошка,0.279,0.3607,0.3603,1920x1080,Expert_Bob
img_0669.jpg,Собака,0.3493,0.3002,0.3505,640x480,Expert_Anna
img_0670.jpg,Кошка,0.0708,0.8586,0.0706,1920x1080,Expert_Anna
img_0671.jpg,Собака,0.9189,0.0203,0.0608,800x600,Expert_Bob
img_0672.jpg,Собака,0.9326,0.0502,0.0172,800x600,Expert_Bob
img_0673.jpg,Кошка,0.0215,0.8759,0.1026,1920x1080,Expert_Anna
img_0674.jpg,Собака,0.8966,0.0628,0.0407,640x480,Intern_Vasya
img_0675.jpg,Кошка,0.0582,0.0861,0.8557,1920x1080,Expert_Bob
img_0676.jpg,Собака,0.3099,0.3563,0.3339,640x480,Intern_Vasya
img_0677.jpg,Кошка,0.0296,0.0338,0.9365,640x480,Intern_Vasya
img_0678.jpg,Собака,0.8722,0.0897,0.0381,1920x1080,Expert_Bob
img_0679.jpg,Собака,0.8466,0.0626,0.0908,1920x1080,Expert_Anna
img_0680.jpg,Собака,0.9155,0.0645,0.0199,800x600,Expert_Anna
img_0681.jpg,Собака,0.0533,0.8862,0.0605,640x480,Intern_Vasya
img_0682.jpg,Собака,0.3024,0.3773,0.3203,800x600,Expert_Anna
img_0683.jpg,Собака,0.8447,0.0784,0.0769,800x600,Expert_Bob
img_0684.jpg,Кошка,0.0575,0.8618,0.0807,800x600,Expert_Bob
img_0685.jpg,Собака,0.0549,0.923,0.0221,640x480,Intern_Vasya
img_0686.jpg,Собака,0.8734,0.0845,0.0421,640x480,Expert_Anna
img_0687.jpg,Собака,0.9501,0.0145,0.0354,800x600,Expert_Bob
img_0688.jpg,Собака,0.3044,0.3976,0.2981,800x600,Intern_Vasya
img_0689.jpg,Кошка,0.0362,0.9206,0.0432,800x600,Expert_Bob
img_0690.jpg,Собака,0.0429,0.8702,0.0869,1920x1080,Intern_Vasya
img_0691.jpg,Мышь,0.0708,0.0789,0.8503,640x480,Expert_Anna
img_0692.jpg,Мышь,0.041,0.0903,0.8686,640x480,Expert_Anna
img_0693.jpg,Собака,0.893,0.0429,0.064,640x480,Expert_Anna
img_0694.jpg,Кошка,0.2988,0.3268,0.3744,800x600,Intern_Vasya
img_0695.jpg,Собака,0.3182,0.3549,0.3269,1920x1080,Expert_Bob
img_0696.jpg,Кошка,0.3589,0.3447,0.2964,800x600,Expert_Anna
img_0697.jpg,Собака,0.8451,0.0839,0.071,640x480,Expert_Bob
img_0698.jpg,Кошка,0.0415,0.0942,0.8643,640x480,Expert_Bob
img_0699.jpg,Кошка,0.3416,0.326,0.3323,800x600,Intern_Vasya
img_0700.jpg,Кошка,0.0432,0.8778,0.079,640x480,Expert_Anna
img_0701.jpg,Собака,0.8889,0.0832,0.0279,640x480,Expert_Bob
img_0702.jpg,Собака,0.325,0.3755,0.2995,640x480,Intern_Vasya
img_0703.jpg,Кошка,0.0761,0.8848,0.0392,800x600,Expert_Bob
img_0704.jpg,Собака,0.8893,0.0737,0.037,1920x1080,Intern_Vasya
img_0705.jpg,Кошка,0.0437,0.9295,0.0268,640x480,Intern_Vasya
img_0706.jpg,Собака,0.9337,0.049,0.0173,800x600,Intern_Vasya
img_0707.jpg,Кошка,0.0597,0.85,0.0902,800x600,Expert_Anna
img_0708.jpg,Собака,0.9405,0.0461,0.0134,1920x1080,Expert_Anna
img_0709.jpg,Кошка,0.3276,0.3458,0.3266,800x600,Expert_Bob
img_0710.jpg,Собака,0.3457,0.3627,0.2916,640x480,Expert_Bob
img_0711.jpg,Собака,0.8582,0.0894,0.0524,640x480,Intern_Vasya
img_0712.jpg,Собака,0.8495,0.0753,0.0752,1920x1080,Intern_Vasya
img_0713.jpg,Собака,0.0927,0.8964,0.0109,640x480,Expert_Anna
img_0714.jpg,Кошка,0.0898,0.8733,0.0369,640x480,Expert_Anna
img_0715.jpg,Кошка,0.0379,0.903,0.059,800x600,Intern_Vasya
img_0716.jpg,Собака,0.9514,0.0104,0.0381,800x600,Intern_Vasya
img_0717.jpg,Собака,0.3648,0.3622,0.2729,800x600,Expert_Bob
img_0718.jpg,Собака,0.3374,0.336,0.3266,1920x1080,Expert_Bob
img_0719.jpg,Кошка,0.0568,0.9018,0.0414,640x480,Expert_Anna
img_0720.jpg,Собака,0.3201,0.3327,0.3472,1920x1080,Intern_Vasya
img_0721.jpg,Собака,0.0719,0.9139,0.0142,1920x1080,Expert_Bob
img_0722.jpg,Собака,0.834,0.0745,0.0916,800x600,Intern_Vasya
img_0723.jpg,Кошка,0.0984,0.8579,0.0437,640x480,Expert_Bob
img_0724.jpg,Кошка,0.3167,0.3215,0.3618,640x480,Expert_Anna
img_0725.jpg,Собака,0.0759,0.9021,0.022,640x480,Expert_Anna
img_0726.jpg,Кошка,0.3369,0.3224,0.3407,800x600,Intern_Vasya
img_0727.jpg,Кошка,0.3053,0.3238,0.3709,800x600,Expert_Anna
img_0728.jpg,Собака,0.8678,0.0486,0.0837,800x600,Intern_Vasya
img_0729.jpg,Собака,0.9644,0.0244,0.0112,640x480,Expert_Anna
img_0730.jpg,Кошка,0.048,0.8601,0.0919,800x600,Intern_Vasya
img_0731.jpg,Кошка,0.0352,0.0611,0.9037,1920x1080,Intern_Vasya
img_0732.jpg,Собака,0.8709,0.0796,0.0495,1920x1080,Expert_Bob
img_0733.jpg,Кошка,0.3536,0.322,0.3244,800x600,Expert_Anna
img_0734.jpg,Собака,0.9568,0.0287,0.0144,800x600,Intern_Vasya
img_0735.jpg,Кошка,0.0953,0.8204,0.0842,640x480,Expert_Bob
img_0736.jpg,Собака,0.0817,0.8374,0.081,800x600,Expert_Anna
img_0737.jpg,Собака,0.8418,0.0974,0.0607,1920x1080,Expert_Bob
img_0738.jpg,Собака,0.9199,0.0635,0.0166,800x600,Expert_Anna
img_0739.jpg,Кошка,0.0853,0.8441,0.0706,800x600,Intern_Vasya
img_0740.jpg,Кошка,0.0835,0.8665,0.05,800x600,Intern_Vasya
img_0741.jpg,Кошка,0.0732,0.8772,0.0496,1920x1080,Intern_Vasya
img_0742.jpg,Собака,0.8579,0.0699,0.0723,800x600,Expert_Anna
img_0743.jpg,Кошка,0.3256,0.3552,0.3192,1920x1080,Expert_Bob
img_0744.jpg,Кошка,0.0108,0.9483,0.0409,800x600,Expert_Bob
img_0745.jpg,Кошка,0.0332,0.9343,0.0325,1920x1080,Expert_Anna
img_0746.jpg,Собака,0.3586,0.3567,0.2846,640x480,Expert_Bob
img_0747.jpg,Кошка,0.3421,0.3103,0.3476,800x600,Expert_Anna
img_0748.jpg,Кошка,0.3618,0.3154,0.3228,1920x1080,Expert_Anna
img_0749.jpg,Кошка,0.048,0.8478,0.1042,640x480,Intern_Vasya
img_0750.jpg,Собака,0.0736,0.884,0.0425,800x600,Expert_Bob
img_0751.jpg,Кошка,0.0877,0.0905,0.8218,640x480,Intern_Vasya
img_0752.jpg,Кошка,0.0801,0.8597,0.0602,800x600,Expert_Anna
img_0753.jpg,Мышь,0.943,0.0306,0.0264,1920x1080,Intern_Vasya
img_0754.jpg,Кошка,0.0224,0.9427,0.0349,640x480,Expert_Bob
img_0755.jpg,Кошка,0.2961,0.3211,0.3828,640x480,Expert_Bob
img_0756.jpg,Собака,0.8483,0.0918,0.0599,800x600,Intern_Vasya
img_0757.jpg,Собака,0.8636,0.0572,0.0792,640x480,Expert_Anna
img_0758.jpg,Собака,0.2949,0.3548,0.3503,640x480,Expert_Bob
img_0759.jpg,Собака,0.8743,0.0469,0.0788,640x480,Expert_Anna
img_0760.jpg,Кошка,0.0596,0.0309,0.9094,1920x1080,Intern_Vasya
img_0761.jpg,Мышь,0.3165,0.3795,0.3039,640x480,Expert_Bob
img_0762.jpg,Кошка,0.2997,0.3099,0.3904,800x600,Expert_Anna
img_0763.jpg,Мышь,0.8807,0.043,0.0762,800x600,Expert_Bob
img_0764.jpg,Собака,0.8589,0.0673,0.0738,640x480,Intern_Vasya
img_0765.jpg,Собака,0.0253,0.9122,0.0625,800x600,Intern_Vasya
img_0766.jpg,Кошка,0.0475,0.9313,0.0212,640x480,Expert_Bob
img_0767.jpg,Собака,0.0114,0.9236,0.065,1920x1080,Expert_Bob
img_0768.jpg,Собака,0.0983,0.8641,0.0377,800x600,Expert_Anna
img_0769.jpg,Мышь,0.9198,0.0095,0.0707,640x480,Expert_Bob
img_0770.jpg,Собака,0.0283,0.8999,0.0719,800x600,Expert_Anna
img_0771.jpg,Кошка,0.047,0.9146,0.0384,800x600,Intern_Vasya
img_0772.jpg,Кошка,0.076,0.8845,0.0395,800x600,Intern_Vasya
img_0773.jpg,Собака,0.3265,0.3517,0.3218,1920x1080,Expert_Bob
img_0774.jpg,Кошка,0.3148,0.3441,0.3412,1920x1080,Expert_Anna
img_0775.jpg,Собака,0.8623,0.0612,0.0765,1920x1080,Intern_Vasya
img_0776.jpg,Кошка,0.0816,0.8212,0.0973,640x480,Expert_Bob
img_0777.jpg,Кошка,0.0328,0.062,0.9052,800x600,Intern_Vasya
img_0778.jpg,Собака,0.9224,0.0198,0.0579,800x600,Expert_Anna
img_0779.jpg,Кошка,0.0408,0.8795,0.0797,800x600,Expert_Bob
img_0780.jpg,Кошка,0.0676,0.8479,0.0845,1920x1080,Intern_Vasya
img_0781.jpg,Мышь,0.0677,0.0784,0.8539,640x480,Intern_Vasya
img_0782.jpg,Собака,0.3195,0.3461,0.3344,800x600,Expert_Bob
img_0783.jpg,Кошка,0.3424,0.3404,0.3172,1920x1080,Expert_Bob
img_0784.jpg,Кошка,0.0708,0.8397,0.0894,1920x1080,Expert_Anna
img_0785.jpg,Кошка,0.0416,0.8826,0.0759,1920x1080,Intern_Vasya
img_0786.jpg,Кошка,0.0478,0.8604,0.0917,800x600,Expert_Bob
img_0787.jpg,Кошка,0.0758,0.8731,0.0511,640x480,Expert_Anna
img_0788.jpg,Собака,0.3316,0.3517,0.3166,640x480,Intern_Vasya
img_0789.jpg,Собака,0.0891,0.86,0.0509,1920x1080,Intern_Vasya
img_0790.jpg,Кошка,0.0815,0.8421,0.0763,640x480,Intern_Vasya
img_0791.jpg,Собака,0.8832,0.0233,0.0935,640x480,Expert_Anna
img_0792.jpg,Кошка,0.3119,0.3199,0.3682,1920x1080,Expert_Bob
img_0793.jpg,Собака,0.8894,0.0791,0.0315,640x480,Intern_Vasya
img_0794.jpg,Собака,0.0643,0.8398,0.0958,1920x1080,Expert_Bob
img_0795.jpg,Кошка,0.0718,0.8679,0.0603,640x480,Expert_Bob
img_0796.jpg,Собака,0.3176,0.3326,0.3498,800x600,Expert_Anna
img_0797.jpg,Собака,0.8692,0.0812,0.0496,800x600,Expert_Anna
img_0798.jpg,Собака,0.9166,0.0352,0.0482,800x600,Intern_Vasya
img_0799.jpg,Собака,0.3382,0.3192,0.3426,800x600,Expert_Bob
img_0800.jpg,Кошка,0.0875,0.8476,0.0649,640x480,Intern_Vasya
img_0801.jpg,Кошка,0.0302,0.8859,0.0839,800x600,Expert_Anna
img_0802.jpg,Кошка,0.0327,0.9216,0.0457,1920x1080,Intern_Vasya
img_0803.jpg,Собака,0.9224,0.0531,0.0245,640x480,Intern_Vasya
img_0804.jpg,Кошка,0.0196,0.9062,0.0742,800x600,Intern_Vasya
img_0805.jpg,Мышь,0.0511,0.0438,0.905,1920x1080,Expert_Anna
img_0806.jpg,Кошка,0.031,0.9317,0.0372,640x480,Intern_Vasya
img_0807.jpg,Собака,0.3222,0.3606,0.3172,640x480,Intern_Vasya
img_0808.jpg,Собака,0.884,0.0173,0.0987,1920x1080,Intern_Vasya
img_0809.jpg,Собака,0.8765,0.0607,0.0628,800x600,Intern_Vasya
img_0810.jpg,Кошка,0.0381,0.0127,0.9491,800x600,Expert_Anna
img_0811.jpg,Собака,0.3313,0.3437,0.325,800x600,Intern_Vasya
img_0812.jpg,Кошка,0.3215,0.3275,0.3509,1920x1080,Expert_Bob
img_0813.jpg,Кошка,0.0939,0.8853,0.0208,1920x1080,Expert_Bob
img_0814.jpg,Кошка,0.0929,0.8197,0.0875,1920x1080,Expert_Bob
img_0815.jpg,Собака,0.8588,0.0715,0.0697,800x600,Intern_Vasya
img_0816.jpg,Собака,0.9029,0.0637,0.0334,1920x1080,Intern_Vasya
img_0817.jpg,Кошка,0.0945,0.8214,0.0841,640x480,Intern_Vasya
img_0818.jpg,Собака,0.0791,0.8994,0.0215,1920x1080,Expert_Anna
img_0819.jpg,Собака,0.9105,0.0171,0.0723,1920x1080,Expert_Anna
img_0820.jpg,Кошка,0.0481,0.0326,0.9193,640x480,Intern_Vasya
img_0821.jpg,Кошка,0.0108,0.9238,0.0654,800x600,Expert_Anna
img_0822.jpg,Собака,0.3186,0.3785,0.3028,800x600,Expert_Anna
img_0823.jpg,Кошка,0.0308,0.8849,0.0843,640x480,Expert_Anna
img_0824.jpg,Собака,0.0354,0.927,0.0376,1920x1080,Expert_Bob
img_0825.jpg,Собака,0.8779,0.0492,0.0728,800x600,Expert_Bob
img_0826.jpg,Собака,0.8947,0.0161,0.0892,1920x1080,Expert_Bob
img_0827.jpg,Собака,0.8354,0.0777,0.0869,800x600,Intern_Vasya
img_0828.jpg,Кошка,0.0268,0.8996,0.0735,640x480,Expert_Bob
img_0829.jpg,Мышь,0.3511,0.3138,0.3352,640x480,Intern_Vasya
img_0830.jpg,Кошка,0.0926,0.849,0.0583,1920x1080,Expert_Bob
img_0831.jpg,Собака,0.8554,0.0816,0.063,640x480,Intern_Vasya
img_0832.jpg,Кошка,0.0484,0.0634,0.8882,1920x1080,Intern_Vasya
img_0833.jpg,Собака,0.3221,0.3336,0.3443,800x600,Expert_Anna
img_0834.jpg,Собака,0.0912,0.8274,0.0815,800x600,Expert_Bob
img_0835.jpg,Мышь,0.9481,0.0127,0.0393,1920x1080,Intern_Vasya
img_0836.jpg,Собака,0.8474,0.056,0.0966,1920x1080,Intern_Vasya
img_0837.jpg,Собака,0.079,0.8518,0.0692,800x600,Intern_Vasya
img_0838.jpg,Собака,0.9534,0.0279,0.0187,1920x1080,Intern_Vasya
img_0839.jpg,Кошка,0.0644,0.8587,0.0769,640x480,Expert_Anna
img_0840.jpg,Собака,0.022,0.9361,0.0418,1920x1080,Expert_Bob
img_0841.jpg,Собака,0.8963,0.0602,0.0435,800x600,Intern_Vasya
img_0842.jpg,Кошка,0.0772,0.8884,0.0344,800x600,Expert_Bob
img_0843.jpg,Собака,0.0926,0.8668,0.0405,1920x1080,Intern_Vasya
img_0844.jpg,Собака,0.89,0.0904,0.0196,800x600,Expert_Bob
img_0845.jpg,Собака,0.9209,0.0529,0.0262,800x600,Expert_Anna
img_0846.jpg,Собака,0.8451,0.0766,0.0783,1920x1080,Expert_Anna
img_0847.jpg,Собака,0.3336,0.3615,0.3049,640x480,Intern_Vasya
img_0848.jpg,Кошка,0.0716,0.855,0.0734,800x600,Expert_Anna
img_0849.jpg,Собака,0.9639,0.0256,0.0105,800x600,Expert_Bob
img_0850.jpg,Кошка,0.3565,0.3446,0.2989,800x600,Expert_Anna
img_0851.jpg,Собака,0.9636,0.0117,0.0248,800x600,Intern_Vasya
img_0852.jpg,Кошка,0.0355,0.9427,0.0218,800x600,Expert_Anna
img_0853.jpg,Кошка,0.063,0.9013,0.0357,1920x1080,Expert_Anna
img_0854.jpg,Кошка,0.0427,0.0294,0.928,1920x1080,Expert_Anna
img_0855.jpg,Кошка,0.0658,0.8865,0.0477,640x480,Intern_Vasya
img_0856.jpg,Собака,0.8509,0.0743,0.0748,1920x1080,Expert_Anna
img_0857.jpg,Мышь,0.0538,0.0461,0.9001,640x480,Expert_Bob
img_0858.jpg,Кошка,0.0613,0.8704,0.0683,800x600,Expert_Anna
img_0859.jpg,Собака,0.8982,0.0245,0.0774,1920x1080,Intern_Vasya
img_0860.jpg,Собака,0.3194,0.3799,0.3007,800x600,Expert_Anna
img_0861.jpg,Собака,0.9412,0.0473,0.0115,800x600,Expert_Anna
img_0862.jpg,Кошка,0.0163,0.923,0.0607,800x600,Expert_Anna
img_0863.jpg,Собака,0.3691,0.3336,0.2973,1920x1080,Intern_Vasya
img_0864.jpg,Собака,0.8695,0.0529,0.0775,640x480,Expert_Bob
img_0865.jpg,Собака,0.9103,0.0514,0.0383,1920x1080,Expert_Bob
img_0866.jpg,Собака,0.0458,0.8755,0.0787,640x480,Expert_Anna
img_0867.jpg,Кошка,0.0509,0.0165,0.9327,1920x1080,Expert_Bob
img_0868.jpg,Кошка,0.0849,0.9002,0.0149,640x480,Expert_Bob
img_0869.jpg,Собака,0.8391,0.0607,0.1003,800x600,Expert_Bob
img_0870.jpg,Собака,0.9403,0.0165,0.0432,640x480,Expert_Anna
img_0871.jpg,Собака,0.0505,0.8873,0.0622,800x600,Expert_Anna
img_0872.jpg,Кошка,0.0336,0.9173,0.0491,800x600,Intern_Vasya
img_0873.jpg,Мышь,0.8794,0.0492,0.0714,1920x1080,Expert_Anna
img_0874.jpg,Кошка,0.0717,0.8995,0.0288,640x480,Expert_Anna
img_0875.jpg,Кошка,0.053,0.0104,0.9367,640x480,Expert_Bob
img_0876.jpg,Собака,0.0566,0.8681,0.0753,1920x1080,Expert_Anna
img_0877.jpg,Собака,0.8489,0.0734,0.0777,640x480,Intern_Vasya
img_0878.jpg,Собака,0.8735,0.0654,0.0611,640x480,Intern_Vasya
img_0879.jpg,Собака,0.889,0.026,0.085,1920x1080,Intern_Vasya
img_0880.jpg,Кошка,0.0838,0.0715,0.8446,800x600,Intern_Vasya
img_0881.jpg,Собака,0.8654,0.0648,0.0698,1920x1080,Expert_Anna
img_0882.jpg,Собака,0.8851,0.0786,0.0363,640x480,Expert_Bob
img_0883.jpg,Собака,0.0403,0.9287,0.0309,1920x1080,Expert_Anna
img_0884.jpg,Собака,0.908,0.062,0.03,800x600,Expert_Anna
img_0885.jpg,Собака,0.8781,0.0422,0.0797,1920x1080,Expert_Anna
img_0886.jpg,Кошка,0.0845,0.0357,0.8798,1920x1080,Expert_Bob
img_0887.jpg,Кошка,0.3595,0.34,0.3004,640x480,Expert_Anna
img_0888.jpg,Собака,0.8941,0.0289,0.077,1920x1080,Intern_Vasya
img_0889.jpg,Кошка,0.3388,0.3158,0.3454,800x600,Intern_Vasya
img_0890.jpg,Собака,0.3331,0.3389,0.3281,640x480,Intern_Vasya
img_0891.jpg,Кошка,0.3153,0.3154,0.3693,800x600,Expert_Anna
img_0892.jpg,Кошка,0.0458,0.052,0.9022,800x600,Expert_Bob
img_0893.jpg,Кошка,0.0137,0.9527,0.0336,1920x1080,Intern_Vasya
img_0894.jpg,Собака,0.2979,0.3743,0.3277,640x480,Expert_Bob
img_0895.jpg,Кошка,0.3485,0.357,0.2945,640x480,Expert_Anna
img_0896.jpg,Собака,0.8393,0.0871,0.0736,640x480,Expert_Anna
img_0897.jpg,Кошка,0.0374,0.9441,0.0185,800x600,Expert_Anna
img_0898.jpg,Собака,0.8909,0.0368,0.0723,800x600,Expert_Bob
img_0899.jpg,Собака,0.0941,0.8716,0.0342,1920x1080,Intern_Vasya
img_0900.jpg,Кошка,0.3543,0.3343,0.3114,800x600,Expert_Bob
img_0901.jpg,Собака,0.8586,0.0805,0.0609,640x480,Expert_Anna
img_0902.jpg,Собака,0.3675,0.3332,0.2994,640x480,Expert_Anna
img_0903.jpg,Собака,0.848,0.0695,0.0826,800x600,Expert_Anna
img_0904.jpg,Кошка,0.0802,0.8628,0.057,800x600,Expert_Bob
img_0905.jpg,Кошка,0.0771,0.8682,0.0547,800x600,Intern_Vasya
img_0906.jpg,Кошка,0.3418,0.3212,0.337,1920x1080,Expert_Bob
img_0907.jpg,Собака,0.0415,0.8998,0.0587,800x600,Expert_Anna
img_0908.jpg,Собака,0.0944,0.8476,0.058,1920x1080,Expert_Bob
img_0909.jpg,Собака,0.8511,0.0878,0.0611,640x480,Expert_Anna
img_0910.jpg,Кошка,0.0726,0.0619,0.8655,1920x1080,Expert_Bob
img_0911.jpg,Кошка,0.3398,0.3499,0.3103,800x600,Intern_Vasya
img_0912.jpg,Собака,0.0876,0.8614,0.0509,1920x1080,Intern_Vasya
img_0913.jpg,Кошка,0.0776,0.8853,0.0371,1920x1080,Expert_Bob
img_0914.jpg,Собака,0.912,0.0624,0.0255,640x480,Intern_Vasya
img_0915.jpg,Кошка,0.3112,0.3411,0.3477,800x600,Intern_Vasya
img_0916.jpg,Собака,0.9089,0.0116,0.0795,1920x1080,Expert_Bob
img_0917.jpg,Кошка,0.064,0.0749,0.8612,1920x1080,Expert_Anna
img_0918.jpg,Собака,0.8923,0.0581,0.0497,800x600,Intern_Vasya
img_0919.jpg,Кошка,0.0578,0.855,0.0872,1920x1080,Expert_Anna
img_0920.jpg,Собака,0.3572,0.3426,0.3002,1920x1080,Expert_Bob
img_0921.jpg,Кошка,0.0136,0.9678,0.0186,800x600,Expert_Bob
img_0922.jpg,Собака,0.337,0.3463,0.3167,1920x1080,Intern_Vasya
img_0923.jpg,Кошка,0.0303,0.8758,0.0939,800x600,Expert_Bob
img_0924.jpg,Собака,0.8934,0.0323,0.0743,800x600,Expert_Bob
img_0925.jpg,Собака,0.0119,0.926,0.0621,640x480,Expert_Anna
img_0926.jpg,Собака,0.3306,0.3795,0.2899,1920x1080,Expert_Anna
img_0927.jpg,Кошка,0.0397,0.0159,0.9444,800x600,Intern_Vasya
img_0928.jpg,Собака,0.8863,0.0958,0.0179,800x600,Intern_Vasya
img_0929.jpg,Собака,0.9372,0.0305,0.0323,800x600,Intern_Vasya
img_0930.jpg,Кошка,0.0385,0.9332,0.0283,1920x1080,Expert_Bob
img_0931.jpg,Кошка,0.3369,0.3267,0.3364,640x480,Intern_Vasya
img_0932.jpg,Кошка,0.0524,0.037,0.9106,640x480,Intern_Vasya
img_0933.jpg,Собака,0.0407,0.9354,0.0239,800x600,Expert_Anna
img_0934.jpg,Кошка,0.0468,0.9358,0.0174,1920x1080,Expert_Anna
img_0935.jpg,Собака,0.9377,0.0226,0.0397,640x480,Expert_Bob
img_0936.jpg,Собака,0.0256,0.9171,0.0573,1920x1080,Intern_Vasya
img_0937.jpg,Собака,0.0611,0.9164,0.0225,1920x1080,Expert_Anna
img_0938.jpg,Собака,0.9053,0.0244,0.0703,800x600,Expert_Bob
img_0939.jpg,Кошка,0.058,0.0187,0.9233,1920x1080,Intern_Vasya
img_0940.jpg,Кошка,0.0825,0.8707,0.0468,800x600,Expert_Anna
img_0941.jpg,Собака,0.878,0.0571,0.0649,640x480,Intern_Vasya
img_0942.jpg,Кошка,0.0807,0.0352,0.8841,1920x1080,Intern_Vasya
img_0943.jpg,Кошка,0.3525,0.3525,0.295,640x480,Expert_Bob
img_0944.jpg,Кошка,0.0276,0.8955,0.0769,640x480,Expert_Bob
img_0945.jpg,Кошка,0.0505,0.9094,0.0401,1920x1080,Expert_Bob
img_0946.jpg,Собака,0.331,0.3332,0.3358,640x480,Intern_Vasya
img_0947.jpg,Собака,0.9524,0.0207,0.0269,800x600,Intern_Vasya
img_0948.jpg,Собака,0.3029,0.353,0.344,800x600,Expert_Bob
img_0949.jpg,Собака,0.0546,0.9144,0.031,800x600,Expert_Bob
img_0950.jpg,Собака,0.9078,0.0695,0.0227,640x480,Intern_Vasya
img_0951.jpg,Собака,0.0299,0.9368,0.0333,1920x1080,Expert_Bob
img_0952.jpg,Мышь,0.0763,0.0323,0.8913,800x600,Expert_Bob
img_0953.jpg,Кошка,0.3516,0.3173,0.3311,1920x1080,Expert_Anna
img_0954.jpg,Собака,0.0814,0.9009,0.0177,800x600,Intern_Vasya
img_0955.jpg,Собака,0.8963,0.0789,0.0249,800x600,Expert_Anna
img_0956.jpg,Кошка,0.0309,0.8773,0.0918,800x600,Intern_Vasya
img_0957.jpg,Кошка,0.0314,0.8862,0.0824,640x480,Intern_Vasya
img_0958.jpg,Собака,0.8976,0.0784,0.024,1920x1080,Expert_Anna
img_0959.jpg,Собака,0.9311,0.0176,0.0513,800x600,Intern_Vasya
img_0960.jpg,Собака,0.9287,0.0398,0.0315,800x600,Intern_Vasya
img_0961.jpg,Собака,0.0843,0.8679,0.0478,640x480,Expert_Anna
img_0962.jpg,Собака,0.8991,0.053,0.0479,800x600,Expert_Anna
img_0963.jpg,Мышь,0.088,0.0697,0.8423,640x480,Expert_Bob
img_0964.jpg,Собака,0.0276,0.9415,0.0309,800x600,Intern_Vasya
img_0965.jpg,Кошка,0.0536,0.8584,0.088,1920x1080,Expert_Bob
img_0966.jpg,Собака,0.0566,0.9298,0.0135,1920x1080,Expert_Anna
img_0967.jpg,Кошка,0.3258,0.3762,0.2979,800x600,Intern_Vasya
img_0968.jpg,Собака,0.9082,0.0566,0.0352,640x480,Expert_Anna
img_0969.jpg,Собака,0.9096,0.0214,0.069,1920x1080,Intern_Vasya
img_0970.jpg,Кошка,0.0261,0.8903,0.0836,640x480,Expert_Bob
img_0971.jpg,Кошка,0.3499,0.2981,0.352,800x600,Expert_Bob
img_0972.jpg,Кошка,0.029,0.0658,0.9052,800x600,Expert_Bob
img_0973.jpg,Собака,0.9719,0.0162,0.0119,640x480,Intern_Vasya
img_0974.jpg,Собака,0.8865,0.0817,0.0318,640x480,Intern_Vasya
img_0975.jpg,Мышь,0.8543,0.0844,0.0613,640x480,Intern_Vasya
img_0976.jpg,Кошка,0.0351,0.8913,0.0736,640x480,Expert_Anna
img_0977.jpg,Собака,0.8357,0.0846,0.0797,800x600,Intern_Vasya
img_0978.jpg,Собака,0.8586,0.0378,0.1035,640x480,Intern_Vasya
img_0979.jpg,Мышь,0.3334,0.342,0.3246,1920x1080,Expert_Anna
img_0980.jpg,Кошка,0.1038,0.8537,0.0425,1920x1080,Intern_Vasya
img_0981.jpg,Собака,0.928,0.0324,0.0396,1920x1080,Intern_Vasya
img_0982.jpg,Собака,0.9329,0.0255,0.0416,800x600,Expert_Bob
img_0983.jpg,Кошка,0.0163,0.9578,0.0259,640x480,Expert_Anna
img_0984.jpg,Кошка,0.0232,0.0956,0.8812,1920x1080,Expert_Bob
img_0985.jpg,Кошка,0.0308,0.9026,0.0666,640x480,Intern_Vasya
img_0986.jpg,Кошка,0.0711,0.0566,0.8723,640x480,Expert_Bob
img_0987.jpg,Кошка,0.0837,0.0161,0.9002,640x480,Intern_Vasya
img_0988.jpg,Собака,0.9122,0.0443,0.0435,1920x1080,Intern_Vasya
img_0989.jpg,Собака,0.0855,0.8785,0.0361,1920x1080,Intern_Vasya
img_0990.jpg,Кошка,0.3358,0.3379,0.3263,1920x1080,Expert_Bob
img_0991.jpg,Собака,0.043,0.8676,0.0894,800x600,Expert_Bob
img_0992.jpg,Собака,0.9051,0.0586,0.0364,800x600,Expert_Anna
img_0993.jpg,Собака,0.0403,0.9062,0.0535,640x480,Intern_Vasya
img_0994.jpg,Кошка,0.021,0.8857,0.0934,1920x1080,Intern_Vasya
img_0995.jpg,Собака,0.3264,0.3288,0.3448,640x480,Expert_Bob
img_0996.jpg,Собака,0.0747,0.8638,0.0615,1920x1080,Expert_Anna
img_0997.jpg,Мышь,0.0441,0.0378,0.9181,640x480,Expert_Bob
img_0998.jpg,Собака,0.0795,0.8605,0.06,1920x1080,Expert_Anna
img_0999.jpg,Собака,0.2974,0.3954,0.3072,1920x1080,Expert_Bob
img_0226.jpg,Собака,0.3273,0.3334,0.3393,800x600,Intern_Vasya
img_0573.jpg,Собака,0.9044,0.0779,0.0177,800x600,Intern_Vasya
img_0455.jpg,Кошка,0.0548,0.9244,0.0208,1920x1080,Expert_Anna
img_0322.jpg,Собака,0.3149,0.3126,0.3726,640x480,Intern_Vasya
img_0649.jpg,Кошка,0.0438,0.8715,0.0847,800x600,Expert_Bob
img_0258.jpg,Кошка,0.0167,0.9288,0.0545,640x480,Expert_Bob
img_0539.jpg,Кошка,0.0579,0.9226,0.0195,800x600,Expert_Anna
img_0600.jpg,Кошка,0.0507,0.8595,0.0898,1920x1080,Intern_Vasya
img_0665.jpg,Кошка,0.0217,0.9367,0.0416,1920x1080,Expert_Bob
img_0230.jpg,Собака,0.9521,0.014,0.0338,800x600,Intern_Vasya
img_0249.jpg,Мышь,0.3379,0.2999,0.3622,640x480,Expert_Anna
img_0264.jpg,Кошка,0.0691,0.8448,0.0862,1920x1080,Expert_Anna
img_0314.jpg,Собака,0.9049,0.0743,0.0208,1920x1080,Intern_Vasya
img_0471.jpg,Собака,0.8752,0.0719,0.0528,800x600,Expert_Bob
img_0903.jpg,Собака,0.848,0.0695,0.0826,800x600,Expert_Anna
